<?xml version="1.0" encoding="utf-8"?>
<extension type="component" version="4.0" method="upgrade">

    <name>Zoho Zepto</name>
    <creationDate>April 2023</creationDate>
    <author>Zoho Mail</author>
	<authorEmail>zmintegration@zohomail.com</authorEmail>
    <authorUrl>https://zoho.com</authorUrl>
    <copyright>Zoho Corporation</copyright>
    <license>GNU General Public License version 2 or later; see LICENSE.txt</license>
    <version>1.0.0</version>
    <description>COM_ZOHOZEPTO_DESC</description>

    <namespace path="src/">Zoho\Component\ZohoZepto</namespace>
    <scriptfile>script.zohozepto.php</scriptfile>


    <administration>
        <!-- The link that will appear in the Admin panel's "Components" menu -->
        <menu link="index.php?option=com_zohozepto">Zoho Zepto Mail</menu>
		<submenu>
			<menu link="option=com_zohozepto">COM_ZOHOZEPTO_CONFIGURE_ACCOUNT</menu>
			<menu link="option=com_zohozepto&amp;view=test">COM_ZOHOZEPTO_TEST_MAIL</menu>
		</submenu>

        <files folder="admin">
            <folder>services</folder>
            <folder>src</folder>
            <folder>tmpl</folder>
        </files>
		<languages folder="admin/language" >
			<language tag="en-GB">en-GB/com_zohozepto.ini</language>
			<language tag="en-GB">en-GB/com_zohozepto.sys.ini</language>
        </languages>
		 
    </administration>

	<media destination="com_zohozepto" folder="media/com_zohozepto" >
		<folder>css</folder>
		<folder>img</folder>
	</media>
    <plugins>
        <plugin plugin="zeptomailer" group="system" />
    </plugins>
	<updateservers>
        <server type="extension" priority="1" name="com_zohozepto">https://workdrive.zohopublic.com/writer/open/ooxs7147d6eb81c0c494394b7930381faa5ec</server>
    </updateservers>

</extension>
